Framework,Main focus,Relevance for industrial statistics
International Recommendations for Industrial Statistics (IRIS) [4],"Concepts, definitions, and compilation main guidance for industrial statistics","Provides the core international standard for structural industrial statistics, covering scope, statistical units, variables, data sources, and key indicators"
International Recommendations for the Index of Industrial Production (IRIIP) [99],Concepts and methods for short-term indicators of industrial output,"Sets standards for compiling IIPs, including index formulas, weighting schemes, and treatment of quality change and new products"
System of National Accounts (SNA) [93],Comprehensive framework for measuring production and income in the economy,"Provides the accounting structure and core concepts (output, value added, assets) for compiling economic aggregates; clarifies treatment of digitalization, globalization, the informal economy, and sustainability"
System of Environmental-Economic Accounts (SEEA) [74],Integration of environmental and economic information in physical and monetary terms,"Links industrial activities to energy, water, emissions, waste, and natural resources; provides structure for environmental goods and services"
Balance of Payments and International Investment Position Manual (BPM) [100],"Framework for cross-border transactions and positions in goods, services, income, and financial assets and liabilities","Shapes the recording of trade in industrial services, charges for intellectual property, and other cross-border flows related to industrial activities"
International Merchandise Trade Statistics (IMTS) [101],Concepts and methods for compiling statistics on trade in goods,Provides standards for measuring imports and exports of manufactured products by partner and product
Manual on Statistics of International Trade in Services (MSITS) [102],Concepts and methods for statistics on trade in services,"Covers services supplied by industrial firms (e.g. maintenance, engineering, R&D, digital services), including modes of supply"
Frascati Manual [103],Concepts and methods for measuring research and experimental development,"Defines R&D activities, expenditures, and personnel, providing a foundation for measuring industrial R&D and linking it to industrial performance"
Oslo Manual [104],Guidelines for collecting and using data on innovation in the business sector,"Provides concepts and survey approaches for product, process, organizational, and marketing innovation in industrial firms"
